,mean_fit_time,std_fit_time,mean_score_time,std_score_time,param_lr__C,param_lr__class_weight,param_pca__apply_PCA,param_pca__n_components,params,split0_test_score,split1_test_score,split2_test_score,mean_test_score,std_test_score,rank_test_score
0,0.2921408812204997,0.002948296156406742,0.014251391092936197,0.00022567182984911335,0.001,,True,0.5,"{'lr__C': 0.001, 'lr__class_weight': None, 'pca__apply_PCA': True, 'pca__n_components': 0.5}",0.6633941643022156,0.6684116670185204,0.653079758612068,0.6616285299776014,0.006382525742063425,109
1,0.24579747517903647,0.028720225461031833,0.015720287958780926,0.0028453030146380694,0.001,,True,0.7,"{'lr__C': 0.001, 'lr__class_weight': None, 'pca__apply_PCA': True, 'pca__n_components': 0.7}",0.6633941643022156,0.6684116670185204,0.653079758612068,0.6616285299776014,0.006382525742063425,109
2,0.22783859570821127,0.005654010440395004,0.018181403477986652,0.006039894872440837,0.001,,True,0.8,"{'lr__C': 0.001, 'lr__class_weight': None, 'pca__apply_PCA': True, 'pca__n_components': 0.8}",0.6633941643022156,0.6684116670185204,0.653079758612068,0.6616285299776014,0.006382525742063425,109
3,0.22892141342163086,0.006564728791530957,0.021695931752522785,0.0053783127527745,0.001,,True,0.9,"{'lr__C': 0.001, 'lr__class_weight': None, 'pca__apply_PCA': True, 'pca__n_components': 0.9}",0.6633941643022156,0.6684116670185204,0.653079758612068,0.6616285299776014,0.006382525742063425,109
4,0.2412113348642985,0.0012484246764356633,0.014176448186238607,0.0002763599649248286,0.001,,True,0.95,"{'lr__C': 0.001, 'lr__class_weight': None, 'pca__apply_PCA': True, 'pca__n_components': 0.95}",0.6633941643022156,0.6684116670185204,0.653079758612068,0.6616285299776014,0.006382525742063425,109
5,0.21299298604329428,0.013735651409790715,0.014207998911539713,0.0005395545834675376,0.001,,True,,"{'lr__C': 0.001, 'lr__class_weight': None, 'pca__apply_PCA': True, 'pca__n_components': None}",0.6633941643022156,0.6684116670185204,0.653079758612068,0.6616285299776014,0.006382525742063425,109
6,0.07714653015136719,0.00415828972180199,0.009688297907511393,0.0020607180821166737,0.001,,False,0.5,"{'lr__C': 0.001, 'lr__class_weight': None, 'pca__apply_PCA': False, 'pca__n_components': 0.5}",0.6633941643022156,0.6684116670185204,0.653079758612068,0.6616285299776014,0.006382525742063425,109
7,0.06716386477152507,0.0004488469096068779,0.00864569346110026,0.0015930320116960806,0.001,,False,0.7,"{'lr__C': 0.001, 'lr__class_weight': None, 'pca__apply_PCA': False, 'pca__n_components': 0.7}",0.6633941643022156,0.6684116670185204,0.653079758612068,0.6616285299776014,0.006382525742063425,109
8,0.06429052352905273,0.0016372990030354925,0.008664687474568685,0.0009854162689415234,0.001,,False,0.8,"{'lr__C': 0.001, 'lr__class_weight': None, 'pca__apply_PCA': False, 'pca__n_components': 0.8}",0.6633941643022156,0.6684116670185204,0.653079758612068,0.6616285299776014,0.006382525742063425,109
9,0.06794158617655437,0.002052324618154131,0.0069742997487386065,0.0007772402122911187,0.001,,False,0.9,"{'lr__C': 0.001, 'lr__class_weight': None, 'pca__apply_PCA': False, 'pca__n_components': 0.9}",0.6633941643022156,0.6684116670185204,0.653079758612068,0.6616285299776014,0.006382525742063425,109
10,0.0697929859161377,0.00407665026120867,0.00804607073465983,0.0006978060218611629,0.001,,False,0.95,"{'lr__C': 0.001, 'lr__class_weight': None, 'pca__apply_PCA': False, 'pca__n_components': 0.95}",0.6633941643022156,0.6684116670185204,0.653079758612068,0.6616285299776014,0.006382525742063425,109
11,0.07097689310709636,0.0025449793256767067,0.009569644927978516,0.0009647834764281887,0.001,,False,,"{'lr__C': 0.001, 'lr__class_weight': None, 'pca__apply_PCA': False, 'pca__n_components': None}",0.6633941643022156,0.6684116670185204,0.653079758612068,0.6616285299776014,0.006382525742063425,109
12,0.22850743929545084,0.007177676497855487,0.023348490397135418,0.0025407540190306942,0.001,balanced,True,0.5,"{'lr__C': 0.001, 'lr__class_weight': 'balanced', 'pca__apply_PCA': True, 'pca__n_components': 0.5}",0.6625115223676785,0.6688450795757129,0.6531206190551705,0.6614924069995207,0.006459804525718309,121
13,0.22284380594889322,0.013176424540982076,0.017915964126586914,0.004112666369280187,0.001,balanced,True,0.7,"{'lr__C': 0.001, 'lr__class_weight': 'balanced', 'pca__apply_PCA': True, 'pca__n_components': 0.7}",0.6625115223676785,0.6688450795757129,0.6531206190551705,0.6614924069995207,0.006459804525718309,121
14,0.23668225606282553,0.004490318145278299,0.017976999282836914,0.0014357818235808057,0.001,balanced,True,0.8,"{'lr__C': 0.001, 'lr__class_weight': 'balanced', 'pca__apply_PCA': True, 'pca__n_components': 0.8}",0.6625115223676785,0.6688450795757129,0.6531206190551705,0.6614924069995207,0.006459804525718309,121
15,0.21790122985839844,0.004846020393171549,0.01416341463724772,0.0009733813016081063,0.001,balanced,True,0.9,"{'lr__C': 0.001, 'lr__class_weight': 'balanced', 'pca__apply_PCA': True, 'pca__n_components': 0.9}",0.6625115223676785,0.6688450795757129,0.6531206190551705,0.6614924069995207,0.006459804525718309,121
16,0.22517736752827963,0.01209511414099793,0.015558560689290365,0.002344554324952383,0.001,balanced,True,0.95,"{'lr__C': 0.001, 'lr__class_weight': 'balanced', 'pca__apply_PCA': True, 'pca__n_components': 0.95}",0.6625115223676785,0.6688450795757129,0.6531206190551705,0.6614924069995207,0.006459804525718309,121
17,0.1925652821858724,0.00658357902905402,0.015182574590047201,0.0017591896127318637,0.001,balanced,True,,"{'lr__C': 0.001, 'lr__class_weight': 'balanced', 'pca__apply_PCA': True, 'pca__n_components': None}",0.6625115223676785,0.6688450795757129,0.6531206190551705,0.6614924069995207,0.006459804525718309,121
18,0.07532342274983723,0.0066189045292552404,0.006976683934529622,0.0011568041339999784,0.001,balanced,False,0.5,"{'lr__C': 0.001, 'lr__class_weight': 'balanced', 'pca__apply_PCA': False, 'pca__n_components': 0.5}",0.6625115223676785,0.6688450795757129,0.6531206190551705,0.6614924069995207,0.006459804525718309,121
19,0.07852880160013835,0.004378771496838455,0.00717933972676595,0.0006071477967314332,0.001,balanced,False,0.7,"{'lr__C': 0.001, 'lr__class_weight': 'balanced', 'pca__apply_PCA': False, 'pca__n_components': 0.7}",0.6625115223676785,0.6688450795757129,0.6531206190551705,0.6614924069995207,0.006459804525718309,121
20,0.07876205444335938,0.01438460328916183,0.007962624231974283,0.00046518026228503293,0.001,balanced,False,0.8,"{'lr__C': 0.001, 'lr__class_weight': 'balanced', 'pca__apply_PCA': False, 'pca__n_components': 0.8}",0.6625115223676785,0.6688450795757129,0.6531206190551705,0.6614924069995207,0.006459804525718309,121
21,0.08514634768168132,0.004656473997673133,0.009551048278808594,0.0025351044115121133,0.001,balanced,False,0.9,"{'lr__C': 0.001, 'lr__class_weight': 'balanced', 'pca__apply_PCA': False, 'pca__n_components': 0.9}",0.6625115223676785,0.6688450795757129,0.6531206190551705,0.6614924069995207,0.006459804525718309,121
22,0.08776148160298665,0.009587419950220173,0.010841925938924154,0.005550017207939624,0.001,balanced,False,0.95,"{'lr__C': 0.001, 'lr__class_weight': 'balanced', 'pca__apply_PCA': False, 'pca__n_components': 0.95}",0.6625115223676785,0.6688450795757129,0.6531206190551705,0.6614924069995207,0.006459804525718309,121
23,0.09340310096740723,0.0037846376752149694,0.0071112314860026045,0.0014186039068267789,0.001,balanced,False,,"{'lr__C': 0.001, 'lr__class_weight': 'balanced', 'pca__apply_PCA': False, 'pca__n_components': None}",0.6625115223676785,0.6688450795757129,0.6531206190551705,0.6614924069995207,0.006459804525718309,121
24,0.2970112959543864,0.009422949558320112,0.016767342885335285,0.0022423558791260624,0.014677992676220698,,True,0.5,"{'lr__C': 0.014677992676220698, 'lr__class_weight': None, 'pca__apply_PCA': True, 'pca__n_components': 0.5}",0.6615778185030441,0.6641446693174069,0.650392698044244,0.6587050619548983,0.005970411829076215,157
25,0.2887569268544515,0.016660532263387286,0.015413443247477213,0.0015895765855771583,0.014677992676220698,,True,0.7,"{'lr__C': 0.014677992676220698, 'lr__class_weight': None, 'pca__apply_PCA': True, 'pca__n_components': 0.7}",0.6615778185030441,0.6641446693174069,0.650392698044244,0.6587050619548983,0.005970411829076215,157
26,0.3014066219329834,0.022038241369105913,0.021310885747273762,0.008770370810257687,0.014677992676220698,,True,0.8,"{'lr__C': 0.014677992676220698, 'lr__class_weight': None, 'pca__apply_PCA': True, 'pca__n_components': 0.8}",0.6615778185030441,0.6641446693174069,0.650392698044244,0.6587050619548983,0.005970411829076215,157
27,0.28787438074747723,0.01758792249224981,0.01543132464090983,0.002324851552880352,0.014677992676220698,,True,0.9,"{'lr__C': 0.014677992676220698, 'lr__class_weight': None, 'pca__apply_PCA': True, 'pca__n_components': 0.9}",0.6615778185030441,0.6641446693174069,0.650392698044244,0.6587050619548983,0.005970411829076215,157
28,0.29214032491048175,0.02115802280852139,0.017150004704793293,0.0024400209829145425,0.014677992676220698,,True,0.95,"{'lr__C': 0.014677992676220698, 'lr__class_weight': None, 'pca__apply_PCA': True, 'pca__n_components': 0.95}",0.6615778185030441,0.6641446693174069,0.650392698044244,0.6587050619548983,0.005970411829076215,157
29,0.31293535232543945,0.024962764018564343,0.017465591430664062,0.0007257734893834335,0.014677992676220698,,True,,"{'lr__C': 0.014677992676220698, 'lr__class_weight': None, 'pca__apply_PCA': True, 'pca__n_components': None}",0.6615778185030441,0.6641446693174069,0.650392698044244,0.6587050619548983,0.005970411829076215,157
30,0.17935029665629068,0.011158019943299931,0.009450594584147135,0.0005096621693976207,0.014677992676220698,,False,0.5,"{'lr__C': 0.014677992676220698, 'lr__class_weight': None, 'pca__apply_PCA': False, 'pca__n_components': 0.5}",0.6615778185030441,0.6641446693174069,0.650392698044244,0.6587050619548983,0.005970411829076215,157
31,0.1864910920461019,0.015505982992290765,0.007256269454956055,0.0005517351070477969,0.014677992676220698,,False,0.7,"{'lr__C': 0.014677992676220698, 'lr__class_weight': None, 'pca__apply_PCA': False, 'pca__n_components': 0.7}",0.6615778185030441,0.6641446693174069,0.650392698044244,0.6587050619548983,0.005970411829076215,157
32,0.17213066418965658,0.01344974158956609,0.0071497758229573565,0.0008508694760089309,0.014677992676220698,,False,0.8,"{'lr__C': 0.014677992676220698, 'lr__class_weight': None, 'pca__apply_PCA': False, 'pca__n_components': 0.8}",0.6615778185030441,0.6641446693174069,0.650392698044244,0.6587050619548983,0.005970411829076215,157
33,0.1917283535003662,0.03180000954282117,0.0073193709055582685,0.001233054244231155,0.014677992676220698,,False,0.9,"{'lr__C': 0.014677992676220698, 'lr__class_weight': None, 'pca__apply_PCA': False, 'pca__n_components': 0.9}",0.6615778185030441,0.6641446693174069,0.650392698044244,0.6587050619548983,0.005970411829076215,157
34,0.20138971010843912,0.031539684515633964,0.007203340530395508,0.0004446875298676776,0.014677992676220698,,False,0.95,"{'lr__C': 0.014677992676220698, 'lr__class_weight': None, 'pca__apply_PCA': False, 'pca__n_components': 0.95}",0.6615778185030441,0.6641446693174069,0.650392698044244,0.6587050619548983,0.005970411829076215,157
35,0.17116363843282065,0.013959260891909443,0.008882681528727213,0.00211429780858101,0.014677992676220698,,False,,"{'lr__C': 0.014677992676220698, 'lr__class_weight': None, 'pca__apply_PCA': False, 'pca__n_components': None}",0.6615778185030441,0.6641446693174069,0.650392698044244,0.6587050619548983,0.005970411829076215,157
36,0.33189908663431805,0.009637860515910545,0.018613894780476887,0.004952270894277483,0.014677992676220698,balanced,True,0.5,"{'lr__C': 0.014677992676220698, 'lr__class_weight': 'balanced', 'pca__apply_PCA': True, 'pca__n_components': 0.5}",0.6620344580493419,0.6668205419067623,0.6522467406500119,0.6603672468687054,0.006065399992770188,145
37,0.3142603238423665,0.008869219920691939,0.018108050028483074,0.0032457460260402354,0.014677992676220698,balanced,True,0.7,"{'lr__C': 0.014677992676220698, 'lr__class_weight': 'balanced', 'pca__apply_PCA': True, 'pca__n_components': 0.7}",0.6620344580493419,0.6668205419067623,0.6522467406500119,0.6603672468687054,0.006065399992770188,145
38,0.3203028043111165,0.01693989116561013,0.014569282531738281,0.0005096365784574018,0.014677992676220698,balanced,True,0.8,"{'lr__C': 0.014677992676220698, 'lr__class_weight': 'balanced', 'pca__apply_PCA': True, 'pca__n_components': 0.8}",0.6620344580493419,0.6668205419067623,0.6522467406500119,0.6603672468687054,0.006065399992770188,145
39,0.3718131383260091,0.026914918012413892,0.019047339757283527,0.003293875704709528,0.014677992676220698,balanced,True,0.9,"{'lr__C': 0.014677992676220698, 'lr__class_weight': 'balanced', 'pca__apply_PCA': True, 'pca__n_components': 0.9}",0.6620344580493419,0.6668205419067623,0.6522467406500119,0.6603672468687054,0.006065399992770188,145
40,0.38472461700439453,0.0318671039246408,0.019440333048502605,0.0015763420105446451,0.014677992676220698,balanced,True,0.95,"{'lr__C': 0.014677992676220698, 'lr__class_weight': 'balanced', 'pca__apply_PCA': True, 'pca__n_components': 0.95}",0.6620344580493419,0.6668205419067623,0.6522467406500119,0.6603672468687054,0.006065399992770188,145
41,0.36548693974812824,0.014627190769912621,0.020811001459757488,0.006542120270467962,0.014677992676220698,balanced,True,,"{'lr__C': 0.014677992676220698, 'lr__class_weight': 'balanced', 'pca__apply_PCA': True, 'pca__n_components': None}",0.6620344580493419,0.6668205419067623,0.6522467406500119,0.6603672468687054,0.006065399992770188,145
42,0.2192363739013672,0.012851090755795519,0.011655569076538086,0.0024389103412987183,0.014677992676220698,balanced,False,0.5,"{'lr__C': 0.014677992676220698, 'lr__class_weight': 'balanced', 'pca__apply_PCA': False, 'pca__n_components': 0.5}",0.6620344580493419,0.6668205419067623,0.6522467406500119,0.6603672468687054,0.006065399992770188,145
43,0.22951157887776694,0.015726357102566788,0.012209415435791016,0.0021141186167906445,0.014677992676220698,balanced,False,0.7,"{'lr__C': 0.014677992676220698, 'lr__class_weight': 'balanced', 'pca__apply_PCA': False, 'pca__n_components': 0.7}",0.6620344580493419,0.6668205419067623,0.6522467406500119,0.6603672468687054,0.006065399992770188,145
44,0.20900567372639975,0.01301178789277203,0.006607850392659505,0.0011538146921243138,0.014677992676220698,balanced,False,0.8,"{'lr__C': 0.014677992676220698, 'lr__class_weight': 'balanced', 'pca__apply_PCA': False, 'pca__n_components': 0.8}",0.6620344580493419,0.6668205419067623,0.6522467406500119,0.6603672468687054,0.006065399992770188,145
45,0.21432367960611978,0.029011221277397373,0.008242289225260416,0.0011847974436066458,0.014677992676220698,balanced,False,0.9,"{'lr__C': 0.014677992676220698, 'lr__class_weight': 'balanced', 'pca__apply_PCA': False, 'pca__n_components': 0.9}",0.6620344580493419,0.6668205419067623,0.6522467406500119,0.6603672468687054,0.006065399992770188,145
46,0.1985593636830648,0.02412459545893945,0.008204221725463867,0.0003596792198299047,0.014677992676220698,balanced,False,0.95,"{'lr__C': 0.014677992676220698, 'lr__class_weight': 'balanced', 'pca__apply_PCA': False, 'pca__n_components': 0.95}",0.6620344580493419,0.6668205419067623,0.6522467406500119,0.6603672468687054,0.006065399992770188,145
47,0.28228410085042316,0.06241052029432174,0.010762373606363932,0.00040726863938395254,0.014677992676220698,balanced,False,,"{'lr__C': 0.014677992676220698, 'lr__class_weight': 'balanced', 'pca__apply_PCA': False, 'pca__n_components': None}",0.6620344580493419,0.6668205419067623,0.6522467406500119,0.6603672468687054,0.006065399992770188,145
48,0.8503757317860922,0.16268281051364217,0.01806330680847168,0.0012705164941329119,0.21544346900318845,,True,0.5,"{'lr__C': 0.21544346900318845, 'lr__class_weight': None, 'pca__apply_PCA': True, 'pca__n_components': 0.5}",0.6639969382294105,0.6680755412306193,0.6522477135177047,0.6614400643259115,0.0067098552217973815,133
49,0.6764977773030599,0.07174751503995741,0.018523613611857098,0.0012291959640758348,0.21544346900318845,,True,0.7,"{'lr__C': 0.21544346900318845, 'lr__class_weight': None, 'pca__apply_PCA': True, 'pca__n_components': 0.7}",0.6639969382294105,0.6680755412306193,0.6522477135177047,0.6614400643259115,0.0067098552217973815,133
50,0.6650315125783285,0.11680374960141539,0.01739613215128581,0.0013843393331271442,0.21544346900318845,,True,0.8,"{'lr__C': 0.21544346900318845, 'lr__class_weight': None, 'pca__apply_PCA': True, 'pca__n_components': 0.8}",0.6639969382294105,0.6680755412306193,0.6522477135177047,0.6614400643259115,0.0067098552217973815,133
51,0.57115372021993,0.023927424738995444,0.016834259033203125,0.00027591344807813094,0.21544346900318845,,True,0.9,"{'lr__C': 0.21544346900318845, 'lr__class_weight': None, 'pca__apply_PCA': True, 'pca__n_components': 0.9}",0.6639969382294105,0.6680755412306193,0.6522477135177047,0.6614400643259115,0.0067098552217973815,133
52,0.5798032283782959,0.02284852498469714,0.02007301648457845,0.0025010628685259648,0.21544346900318845,,True,0.95,"{'lr__C': 0.21544346900318845, 'lr__class_weight': None, 'pca__apply_PCA': True, 'pca__n_components': 0.95}",0.6639969382294105,0.6680755412306193,0.6522477135177047,0.6614400643259115,0.0067098552217973815,133
53,0.7945153713226318,0.1110658928943109,0.025861581166585285,0.011032505119932957,0.21544346900318845,,True,,"{'lr__C': 0.21544346900318845, 'lr__class_weight': None, 'pca__apply_PCA': True, 'pca__n_components': None}",0.6639969382294105,0.6680755412306193,0.6522477135177047,0.6614400643259115,0.0067098552217973815,133
54,0.6669199466705322,0.027177898677228356,0.012748082478841146,0.004000430126501695,0.21544346900318845,,False,0.5,"{'lr__C': 0.21544346900318845, 'lr__class_weight': None, 'pca__apply_PCA': False, 'pca__n_components': 0.5}",0.663985996387247,0.6680825945213928,0.652233120502311,0.6614339038036503,0.0067174568147389865,139
55,0.6788131395975748,0.08484018374855178,0.010843674341837565,0.0028146590645445157,0.21544346900318845,,False,0.7,"{'lr__C': 0.21544346900318845, 'lr__class_weight': None, 'pca__apply_PCA': False, 'pca__n_components': 0.7}",0.663985996387247,0.6680825945213928,0.652233120502311,0.6614339038036503,0.0067174568147389865,139
56,0.44257299105326336,0.03566187780115771,0.009013891220092773,0.00017581307834431723,0.21544346900318845,,False,0.8,"{'lr__C': 0.21544346900318845, 'lr__class_weight': None, 'pca__apply_PCA': False, 'pca__n_components': 0.8}",0.663985996387247,0.6680825945213928,0.652233120502311,0.6614339038036503,0.0067174568147389865,139
57,0.4152537186940511,0.015631401368115215,0.009275039037068685,0.00041498716876197246,0.21544346900318845,,False,0.9,"{'lr__C': 0.21544346900318845, 'lr__class_weight': None, 'pca__apply_PCA': False, 'pca__n_components': 0.9}",0.663985996387247,0.6680825945213928,0.652233120502311,0.6614339038036503,0.0067174568147389865,139
58,0.41206836700439453,0.020801666667546938,0.009213765462239584,0.00038621598901250137,0.21544346900318845,,False,0.95,"{'lr__C': 0.21544346900318845, 'lr__class_weight': None, 'pca__apply_PCA': False, 'pca__n_components': 0.95}",0.663985996387247,0.6680825945213928,0.652233120502311,0.6614339038036503,0.0067174568147389865,139
59,0.4197067419687907,0.016295738628984903,0.009825309117635092,0.0003459990206595259,0.21544346900318845,,False,,"{'lr__C': 0.21544346900318845, 'lr__class_weight': None, 'pca__apply_PCA': False, 'pca__n_components': None}",0.663985996387247,0.6680825945213928,0.652233120502311,0.6614339038036503,0.0067174568147389865,139
60,0.637251615524292,0.023436999969030887,0.020334402720133465,0.00247362434668332,0.21544346900318845,balanced,True,0.5,"{'lr__C': 0.21544346900318845, 'lr__class_weight': 'balanced', 'pca__apply_PCA': True, 'pca__n_components': 0.5}",0.6644983177525553,0.6710162770493702,0.6545213053160409,0.663345300039322,0.006783220007543363,55
61,0.6581035455067953,0.01803102496196272,0.01776274045308431,0.0004379750523860924,0.21544346900318845,balanced,True,0.7,"{'lr__C': 0.21544346900318845, 'lr__class_weight': 'balanced', 'pca__apply_PCA': True, 'pca__n_components': 0.7}",0.6644983177525553,0.6710162770493702,0.6545213053160409,0.663345300039322,0.006783220007543363,55
62,0.6483515103658041,0.03817833384018705,0.018054723739624023,0.00174565942774738,0.21544346900318845,balanced,True,0.8,"{'lr__C': 0.21544346900318845, 'lr__class_weight': 'balanced', 'pca__apply_PCA': True, 'pca__n_components': 0.8}",0.6644983177525553,0.6710162770493702,0.6545213053160409,0.663345300039322,0.006783220007543363,55
63,0.6482691764831543,0.022314781586638435,0.020634889602661133,0.0018894410808449245,0.21544346900318845,balanced,True,0.9,"{'lr__C': 0.21544346900318845, 'lr__class_weight': 'balanced', 'pca__apply_PCA': True, 'pca__n_components': 0.9}",0.6644983177525553,0.6710162770493702,0.6545213053160409,0.663345300039322,0.006783220007543363,55
64,0.6739933490753174,0.03134773761015717,0.018681685129801433,0.002799484013510614,0.21544346900318845,balanced,True,0.95,"{'lr__C': 0.21544346900318845, 'lr__class_weight': 'balanced', 'pca__apply_PCA': True, 'pca__n_components': 0.95}",0.6644983177525553,0.6710162770493702,0.6545213053160409,0.663345300039322,0.006783220007543363,55
65,0.9528989791870117,0.11729899527048243,0.024892091751098633,0.004858801784676025,0.21544346900318845,balanced,True,,"{'lr__C': 0.21544346900318845, 'lr__class_weight': 'balanced', 'pca__apply_PCA': True, 'pca__n_components': None}",0.6644983177525553,0.6710162770493702,0.6545213053160409,0.663345300039322,0.006783220007543363,55
66,0.8919862906138102,0.07601972485448355,0.01731562614440918,0.0038000141922690826,0.21544346900318845,balanced,False,0.5,"{'lr__C': 0.21544346900318845, 'lr__class_weight': 'balanced', 'pca__apply_PCA': False, 'pca__n_components': 0.5}",0.6645048828578535,0.6710145745309075,0.654526656088352,0.663348704492371,0.006780630499282378,49
67,0.923198382059733,0.038708035327545715,0.015075922012329102,0.0017964675557043282,0.21544346900318845,balanced,False,0.7,"{'lr__C': 0.21544346900318845, 'lr__class_weight': 'balanced', 'pca__apply_PCA': False, 'pca__n_components': 0.7}",0.6645048828578535,0.6710145745309075,0.654526656088352,0.663348704492371,0.006780630499282378,49
68,0.7005287011464437,0.09045716160846266,0.009748379389444986,0.001061931131192781,0.21544346900318845,balanced,False,0.8,"{'lr__C': 0.21544346900318845, 'lr__class_weight': 'balanced', 'pca__apply_PCA': False, 'pca__n_components': 0.8}",0.6645048828578535,0.6710145745309075,0.654526656088352,0.663348704492371,0.006780630499282378,49
69,0.5362906455993652,0.08113154137779667,0.0088194211324056,0.0009243475773482267,0.21544346900318845,balanced,False,0.9,"{'lr__C': 0.21544346900318845, 'lr__class_weight': 'balanced', 'pca__apply_PCA': False, 'pca__n_components': 0.9}",0.6645048828578535,0.6710145745309075,0.654526656088352,0.663348704492371,0.006780630499282378,49
70,0.5076970259348551,0.020072890369626686,0.009761651357014975,0.000371061037268763,0.21544346900318845,balanced,False,0.95,"{'lr__C': 0.21544346900318845, 'lr__class_weight': 'balanced', 'pca__apply_PCA': False, 'pca__n_components': 0.95}",0.6645048828578535,0.6710145745309075,0.654526656088352,0.663348704492371,0.006780630499282378,49
71,0.5146666367848715,0.035661037345148736,0.009599685668945312,0.00037215320066933695,0.21544346900318845,balanced,False,,"{'lr__C': 0.21544346900318845, 'lr__class_weight': 'balanced', 'pca__apply_PCA': False, 'pca__n_components': None}",0.6645048828578535,0.6710145745309075,0.654526656088352,0.663348704492371,0.006780630499282378,49
72,0.9568397204081217,0.023068557542209194,0.01623837153116862,0.0016748452642412768,3.1622776601683795,,True,0.5,"{'lr__C': 3.1622776601683795, 'lr__class_weight': None, 'pca__apply_PCA': True, 'pca__n_components': 0.5}",0.6653731788215539,0.669755683736279,0.6523214082454428,0.6624834236010919,0.007405021017221285,61
73,0.9731133778889974,0.0070009301403361115,0.015413284301757812,0.0034642219598152737,3.1622776601683795,,True,0.7,"{'lr__C': 3.1622776601683795, 'lr__class_weight': None, 'pca__apply_PCA': True, 'pca__n_components': 0.7}",0.6653731788215539,0.669755683736279,0.6523214082454428,0.6624834236010919,0.007405021017221285,61
74,1.1556813716888428,0.22709107506616422,0.036473751068115234,0.0244891194699207,3.1622776601683795,,True,0.8,"{'lr__C': 3.1622776601683795, 'lr__class_weight': None, 'pca__apply_PCA': True, 'pca__n_components': 0.8}",0.6653731788215539,0.669755683736279,0.6523214082454428,0.6624834236010919,0.007405021017221285,61
75,1.453992207845052,0.0921947424585182,0.017705599466959637,0.0009613996044565711,3.1622776601683795,,True,0.9,"{'lr__C': 3.1622776601683795, 'lr__class_weight': None, 'pca__apply_PCA': True, 'pca__n_components': 0.9}",0.6653731788215539,0.669755683736279,0.6523214082454428,0.6624834236010919,0.007405021017221285,61
76,1.5793426036834717,0.01037423170346988,0.022402604420979817,0.0029924064970576632,3.1622776601683795,,True,0.95,"{'lr__C': 3.1622776601683795, 'lr__class_weight': None, 'pca__apply_PCA': True, 'pca__n_components': 0.95}",0.6653731788215539,0.669755683736279,0.6523214082454428,0.6624834236010919,0.007405021017221285,61
77,1.576595385869344,0.06600940114640436,0.04376053810119629,0.03577170371631081,3.1622776601683795,,True,,"{'lr__C': 3.1622776601683795, 'lr__class_weight': None, 'pca__apply_PCA': True, 'pca__n_components': None}",0.6653731788215539,0.669755683736279,0.6523214082454428,0.6624834236010919,0.007405021017221285,61
78,1.2326193650563557,0.16505987629258603,0.01773977279663086,0.009683582812608128,3.1622776601683795,,False,0.5,"{'lr__C': 3.1622776601683795, 'lr__class_weight': None, 'pca__apply_PCA': False, 'pca__n_components': 0.5}",0.6653751240379385,0.6697264977054915,0.6522963569023503,0.6624659928819268,0.007407191783057444,67
79,1.0072333812713623,0.07811268093242202,0.015371561050415039,0.008151485992582135,3.1622776601683795,,False,0.7,"{'lr__C': 3.1622776601683795, 'lr__class_weight': None, 'pca__apply_PCA': False, 'pca__n_components': 0.7}",0.6653751240379385,0.6697264977054915,0.6522963569023503,0.6624659928819268,0.007407191783057444,67
80,0.9571337699890137,0.08685260291181121,0.00953515370686849,0.0009063513843324167,3.1622776601683795,,False,0.8,"{'lr__C': 3.1622776601683795, 'lr__class_weight': None, 'pca__apply_PCA': False, 'pca__n_components': 0.8}",0.6653751240379385,0.6697264977054915,0.6522963569023503,0.6624659928819268,0.007407191783057444,67
81,0.9929510752360026,0.07203731003310807,0.014539003372192383,0.003817549687111502,3.1622776601683795,,False,0.9,"{'lr__C': 3.1622776601683795, 'lr__class_weight': None, 'pca__apply_PCA': False, 'pca__n_components': 0.9}",0.6653751240379385,0.6697264977054915,0.6522963569023503,0.6624659928819268,0.007407191783057444,67
82,0.9324179490407308,0.06208217650712959,0.010959386825561523,0.0021700888145241215,3.1622776601683795,,False,0.95,"{'lr__C': 3.1622776601683795, 'lr__class_weight': None, 'pca__apply_PCA': False, 'pca__n_components': 0.95}",0.6653751240379385,0.6697264977054915,0.6522963569023503,0.6624659928819268,0.007407191783057444,67
83,0.9126795927683512,0.10739505554078133,0.009431203206380209,0.0004072236015663685,3.1622776601683795,,False,,"{'lr__C': 3.1622776601683795, 'lr__class_weight': None, 'pca__apply_PCA': False, 'pca__n_components': None}",0.6653751240379385,0.6697264977054915,0.6522963569023503,0.6624659928819268,0.007407191783057444,67
84,1.109916130701701,0.049047324158463794,0.018720706303914387,0.00037543017615896724,3.1622776601683795,balanced,True,0.5,"{'lr__C': 3.1622776601683795, 'lr__class_weight': 'balanced', 'pca__apply_PCA': True, 'pca__n_components': 0.5}",0.6655156659217297,0.6725337074333902,0.6546071608899404,0.6642188447483535,0.00737570681857705,7
85,1.16792098681132,0.06040742661312895,0.020239750544230144,0.0036996999463059285,3.1622776601683795,balanced,True,0.7,"{'lr__C': 3.1622776601683795, 'lr__class_weight': 'balanced', 'pca__apply_PCA': True, 'pca__n_components': 0.7}",0.6655156659217297,0.6725337074333902,0.6546071608899404,0.6642188447483535,0.00737570681857705,7
86,1.1501812934875488,0.04461158241536044,0.021890004475911457,0.003308007006976231,3.1622776601683795,balanced,True,0.8,"{'lr__C': 3.1622776601683795, 'lr__class_weight': 'balanced', 'pca__apply_PCA': True, 'pca__n_components': 0.8}",0.6655156659217297,0.6725337074333902,0.6546071608899404,0.6642188447483535,0.00737570681857705,7
87,1.1262290477752686,0.06367722067669901,0.020723422368367512,0.0017771976269410185,3.1622776601683795,balanced,True,0.9,"{'lr__C': 3.1622776601683795, 'lr__class_weight': 'balanced', 'pca__apply_PCA': True, 'pca__n_components': 0.9}",0.6655156659217297,0.6725337074333902,0.6546071608899404,0.6642188447483535,0.00737570681857705,7
88,1.1381197770436604,0.07449474025830324,0.019031286239624023,0.002327714080417202,3.1622776601683795,balanced,True,0.95,"{'lr__C': 3.1622776601683795, 'lr__class_weight': 'balanced', 'pca__apply_PCA': True, 'pca__n_components': 0.95}",0.6655156659217297,0.6725337074333902,0.6546071608899404,0.6642188447483535,0.00737570681857705,7
89,1.1672253608703613,0.04415711002936284,0.01964433987935384,0.004813680666638556,3.1622776601683795,balanced,True,,"{'lr__C': 3.1622776601683795, 'lr__class_weight': 'balanced', 'pca__apply_PCA': True, 'pca__n_components': None}",0.6655156659217297,0.6725337074333902,0.6546071608899404,0.6642188447483535,0.00737570681857705,7
90,1.1919233004252117,0.07788529077182288,0.011462847391764322,0.0008317642405080956,3.1622776601683795,balanced,False,0.5,"{'lr__C': 3.1622776601683795, 'lr__class_weight': 'balanced', 'pca__apply_PCA': False, 'pca__n_components': 0.5}",0.665545816775692,0.6726202926580593,0.6545988915145508,0.6642550003161007,0.007413608214766367,1
91,1.2085084120432537,0.11266382121410391,0.011253992716471354,0.001257078055640512,3.1622776601683795,balanced,False,0.7,"{'lr__C': 3.1622776601683795, 'lr__class_weight': 'balanced', 'pca__apply_PCA': False, 'pca__n_components': 0.7}",0.665545816775692,0.6726202926580593,0.6545988915145508,0.6642550003161007,0.007413608214766367,1
92,1.0419392585754395,0.09194265536814433,0.0114289919535319,0.0014344983747509009,3.1622776601683795,balanced,False,0.8,"{'lr__C': 3.1622776601683795, 'lr__class_weight': 'balanced', 'pca__apply_PCA': False, 'pca__n_components': 0.8}",0.665545816775692,0.6726202926580593,0.6545988915145508,0.6642550003161007,0.007413608214766367,1
93,1.0450846354166667,0.08595983179249571,0.013779878616333008,0.0056168783472346695,3.1622776601683795,balanced,False,0.9,"{'lr__C': 3.1622776601683795, 'lr__class_weight': 'balanced', 'pca__apply_PCA': False, 'pca__n_components': 0.9}",0.665545816775692,0.6726202926580593,0.6545988915145508,0.6642550003161007,0.007413608214766367,1
94,1.032715082168579,0.09045946014233061,0.010566631952921549,0.0002962233126156445,3.1622776601683795,balanced,False,0.95,"{'lr__C': 3.1622776601683795, 'lr__class_weight': 'balanced', 'pca__apply_PCA': False, 'pca__n_components': 0.95}",0.665545816775692,0.6726202926580593,0.6545988915145508,0.6642550003161007,0.007413608214766367,1
95,0.9867344697316488,0.09232919119456258,0.00874034563700358,0.0008023348168655114,3.1622776601683795,balanced,False,,"{'lr__C': 3.1622776601683795, 'lr__class_weight': 'balanced', 'pca__apply_PCA': False, 'pca__n_components': None}",0.665545816775692,0.6726202926580593,0.6545988915145508,0.6642550003161007,0.007413608214766367,1
96,1.281488259633382,0.21436431849140397,0.021620670954386394,0.001818944913034389,46.41588833612782,,True,0.5,"{'lr__C': 46.41588833612782, 'lr__class_weight': None, 'pca__apply_PCA': True, 'pca__n_components': 0.5}",0.6653070414644756,0.6696187526085016,0.651925937528274,0.6622839105337505,0.007532747034737183,73
97,1.29215407371521,0.22798235464143451,0.02126169204711914,0.0029616465105399884,46.41588833612782,,True,0.7,"{'lr__C': 46.41588833612782, 'lr__class_weight': None, 'pca__apply_PCA': True, 'pca__n_components': 0.7}",0.6653070414644756,0.6696187526085016,0.651925937528274,0.6622839105337505,0.007532747034737183,73
98,1.3860042889912922,0.16850471663378033,0.028730392456054688,0.008661520415802024,46.41588833612782,,True,0.8,"{'lr__C': 46.41588833612782, 'lr__class_weight': None, 'pca__apply_PCA': True, 'pca__n_components': 0.8}",0.6653070414644756,0.6696187526085016,0.651925937528274,0.6622839105337505,0.007532747034737183,73
99,1.7921124299367268,0.2910483763792069,0.043877363204956055,0.0185172164067938,46.41588833612782,,True,0.9,"{'lr__C': 46.41588833612782, 'lr__class_weight': None, 'pca__apply_PCA': True, 'pca__n_components': 0.9}",0.6653070414644756,0.6696187526085016,0.651925937528274,0.6622839105337505,0.007532747034737183,73
100,2.3444507916768393,0.34648218886174265,0.02768429120381673,0.006669451021581879,46.41588833612782,,True,0.95,"{'lr__C': 46.41588833612782, 'lr__class_weight': None, 'pca__apply_PCA': True, 'pca__n_components': 0.95}",0.6653070414644756,0.6696187526085016,0.651925937528274,0.6622839105337505,0.007532747034737183,73
101,1.9232776165008545,0.44267389646744437,0.03367861111958822,0.016156152945716987,46.41588833612782,,True,,"{'lr__C': 46.41588833612782, 'lr__class_weight': None, 'pca__apply_PCA': True, 'pca__n_components': None}",0.6653070414644756,0.6696187526085016,0.651925937528274,0.6622839105337505,0.007532747034737183,73
102,1.5254560311635335,0.2721343513015769,0.012270927429199219,0.0007212332915285876,46.41588833612782,,False,0.5,"{'lr__C': 46.41588833612782, 'lr__class_weight': None, 'pca__apply_PCA': False, 'pca__n_components': 0.5}",0.6653264936283222,0.6696000249054129,0.6519176681528842,0.6622813955622064,0.007533078244432833,85
103,1.4794576168060303,0.19958383033983115,0.009468158086140951,0.000255629663445441,46.41588833612782,,False,0.7,"{'lr__C': 46.41588833612782, 'lr__class_weight': None, 'pca__apply_PCA': False, 'pca__n_components': 0.7}",0.6653264936283222,0.6696000249054129,0.6519176681528842,0.6622813955622064,0.007533078244432833,85
104,1.3925023078918457,0.2007032937924586,0.019423166910807293,0.01248982565637982,46.41588833612782,,False,0.8,"{'lr__C': 46.41588833612782, 'lr__class_weight': None, 'pca__apply_PCA': False, 'pca__n_components': 0.8}",0.6653264936283222,0.6696000249054129,0.6519176681528842,0.6622813955622064,0.007533078244432833,85
105,1.447184721628825,0.20359164554245687,0.017843961715698242,0.010585001357680536,46.41588833612782,,False,0.9,"{'lr__C': 46.41588833612782, 'lr__class_weight': None, 'pca__apply_PCA': False, 'pca__n_components': 0.9}",0.6653264936283222,0.6696000249054129,0.6519176681528842,0.6622813955622064,0.007533078244432833,85
106,1.566011667251587,0.24295506097135416,0.018821001052856445,0.01135862199352537,46.41588833612782,,False,0.95,"{'lr__C': 46.41588833612782, 'lr__class_weight': None, 'pca__apply_PCA': False, 'pca__n_components': 0.95}",0.6653264936283222,0.6696000249054129,0.6519176681528842,0.6622813955622064,0.007533078244432833,85
107,1.591867208480835,0.3014521628900255,0.022374788920084637,0.00934494583084698,46.41588833612782,,False,,"{'lr__C': 46.41588833612782, 'lr__class_weight': None, 'pca__apply_PCA': False, 'pca__n_components': None}",0.6653264936283222,0.6696000249054129,0.6519176681528842,0.6622813955622064,0.007533078244432833,85
108,2.547541300455729,0.44905257367583534,0.06705768903096516,0.0699295634458846,46.41588833612782,balanced,True,0.5,"{'lr__C': 46.41588833612782, 'lr__class_weight': 'balanced', 'pca__apply_PCA': True, 'pca__n_components': 0.5}",0.6654383435704397,0.672654099810388,0.6543403519251593,0.6641442651019956,0.007532344465162588,13
109,3.1569379965464273,0.48118390459266597,0.033719937006632485,0.01943179429345621,46.41588833612782,balanced,True,0.7,"{'lr__C': 46.41588833612782, 'lr__class_weight': 'balanced', 'pca__apply_PCA': True, 'pca__n_components': 0.7}",0.6654383435704397,0.672654099810388,0.6543403519251593,0.6641442651019956,0.007532344465162588,13
110,2.632056713104248,0.22915011764885582,0.0389400323232015,0.01685867042424907,46.41588833612782,balanced,True,0.8,"{'lr__C': 46.41588833612782, 'lr__class_weight': 'balanced', 'pca__apply_PCA': True, 'pca__n_components': 0.8}",0.6654383435704397,0.672654099810388,0.6543403519251593,0.6641442651019956,0.007532344465162588,13
111,2.2607084115346274,0.16191692141962005,0.02874159812927246,0.014142868146661988,46.41588833612782,balanced,True,0.9,"{'lr__C': 46.41588833612782, 'lr__class_weight': 'balanced', 'pca__apply_PCA': True, 'pca__n_components': 0.9}",0.6654383435704397,0.672654099810388,0.6543403519251593,0.6641442651019956,0.007532344465162588,13
112,1.660218636194865,0.19261015382758728,0.020398616790771484,0.004509631036067586,46.41588833612782,balanced,True,0.95,"{'lr__C': 46.41588833612782, 'lr__class_weight': 'balanced', 'pca__apply_PCA': True, 'pca__n_components': 0.95}",0.6654383435704397,0.672654099810388,0.6543403519251593,0.6641442651019956,0.007532344465162588,13
113,1.6003658771514893,0.20128113080916119,0.027460654576619465,0.0107968008469993,46.41588833612782,balanced,True,,"{'lr__C': 46.41588833612782, 'lr__class_weight': 'balanced', 'pca__apply_PCA': True, 'pca__n_components': None}",0.6654383435704397,0.672654099810388,0.6543403519251593,0.6641442651019956,0.007532344465162588,13
114,1.7559300263722737,0.22359801858780584,0.012929360071818033,0.005263638566228163,46.41588833612782,balanced,False,0.5,"{'lr__C': 46.41588833612782, 'lr__class_weight': 'balanced', 'pca__apply_PCA': False, 'pca__n_components': 0.5}",0.665421079775026,0.6726981220734923,0.6542938974928227,0.664137699780447,0.007568098341582461,25
115,1.799405574798584,0.1296333656090908,0.010840972264607748,0.001300291846692762,46.41588833612782,balanced,False,0.7,"{'lr__C': 46.41588833612782, 'lr__class_weight': 'balanced', 'pca__apply_PCA': False, 'pca__n_components': 0.7}",0.665421079775026,0.6726981220734923,0.6542938974928227,0.664137699780447,0.007568098341582461,25
116,1.437090317408244,0.27881165244239087,0.01306756337483724,0.004271396996642282,46.41588833612782,balanced,False,0.8,"{'lr__C': 46.41588833612782, 'lr__class_weight': 'balanced', 'pca__apply_PCA': False, 'pca__n_components': 0.8}",0.665421079775026,0.6726981220734923,0.6542938974928227,0.664137699780447,0.007568098341582461,25
117,1.1636416117350261,0.126089121562022,0.01679380734761556,0.0101882906461362,46.41588833612782,balanced,False,0.9,"{'lr__C': 46.41588833612782, 'lr__class_weight': 'balanced', 'pca__apply_PCA': False, 'pca__n_components': 0.9}",0.665421079775026,0.6726981220734923,0.6542938974928227,0.664137699780447,0.007568098341582461,25
118,1.284437894821167,0.0998563178956468,0.012274821599324545,0.0027818340633393654,46.41588833612782,balanced,False,0.95,"{'lr__C': 46.41588833612782, 'lr__class_weight': 'balanced', 'pca__apply_PCA': False, 'pca__n_components': 0.95}",0.665421079775026,0.6726981220734923,0.6542938974928227,0.664137699780447,0.007568098341582461,25
119,1.2394084930419922,0.12657091641545162,0.010013977686564127,0.0005653096178401253,46.41588833612782,balanced,False,,"{'lr__C': 46.41588833612782, 'lr__class_weight': 'balanced', 'pca__apply_PCA': False, 'pca__n_components': None}",0.665421079775026,0.6726981220734923,0.6542938974928227,0.664137699780447,0.007568098341582461,25
120,1.286500612894694,0.07673988180858027,0.022129297256469727,0.004769485705077714,681.2920690579622,,True,0.5,"{'lr__C': 681.2920690579622, 'lr__class_weight': None, 'pca__apply_PCA': True, 'pca__n_components': 0.5}",0.6653050962480909,0.6695822700700171,0.6518622146943882,0.6622498603374988,0.0075498759584012465,103
121,1.3777403036753337,0.07698169311839466,0.023279269536336262,0.007536271029541016,681.2920690579622,,True,0.7,"{'lr__C': 681.2920690579622, 'lr__class_weight': None, 'pca__apply_PCA': True, 'pca__n_components': 0.7}",0.6653050962480909,0.6695822700700171,0.6518622146943882,0.6622498603374988,0.0075498759584012465,103
122,1.3319871425628662,0.10516426670173977,0.018352508544921875,0.0009177895460777639,681.2920690579622,,True,0.8,"{'lr__C': 681.2920690579622, 'lr__class_weight': None, 'pca__apply_PCA': True, 'pca__n_components': 0.8}",0.6653050962480909,0.6695822700700171,0.6518622146943882,0.6622498603374988,0.0075498759584012465,103
123,1.295395294825236,0.08053294197082568,0.018453280131022137,0.0026514556539429216,681.2920690579622,,True,0.9,"{'lr__C': 681.2920690579622, 'lr__class_weight': None, 'pca__apply_PCA': True, 'pca__n_components': 0.9}",0.6653050962480909,0.6695822700700171,0.6518622146943882,0.6622498603374988,0.0075498759584012465,103
124,1.2536977132161458,0.06120117616109105,0.01683839162190755,0.0021308535391729973,681.2920690579622,,True,0.95,"{'lr__C': 681.2920690579622, 'lr__class_weight': None, 'pca__apply_PCA': True, 'pca__n_components': 0.95}",0.6653050962480909,0.6695822700700171,0.6518622146943882,0.6622498603374988,0.0075498759584012465,103
125,1.336713393529256,0.08536436906854998,0.01689434051513672,0.0014115279696323784,681.2920690579622,,True,,"{'lr__C': 681.2920690579622, 'lr__class_weight': None, 'pca__apply_PCA': True, 'pca__n_components': None}",0.6653050962480909,0.6695822700700171,0.6518622146943882,0.6622498603374988,0.0075498759584012465,103
126,0.9882775942484537,0.11466653047988876,0.010037740071614584,0.000939136993874255,681.2920690579622,,False,0.5,"{'lr__C': 681.2920690579622, 'lr__class_weight': None, 'pca__apply_PCA': False, 'pca__n_components': 0.5}",0.6653257641721779,0.669625805899275,0.6518933464605614,0.6622816388440048,0.007552485405331796,79
127,0.9603235721588135,0.09488355808511509,0.010343790054321289,0.002377113159516932,681.2920690579622,,False,0.7,"{'lr__C': 681.2920690579622, 'lr__class_weight': None, 'pca__apply_PCA': False, 'pca__n_components': 0.7}",0.6653257641721779,0.669625805899275,0.6518933464605614,0.6622816388440048,0.007552485405331796,79
128,0.97151780128479,0.08517425293891544,0.00944662094116211,0.0005294491695248811,681.2920690579622,,False,0.8,"{'lr__C': 681.2920690579622, 'lr__class_weight': None, 'pca__apply_PCA': False, 'pca__n_components': 0.8}",0.6653257641721779,0.669625805899275,0.6518933464605614,0.6622816388440048,0.007552485405331796,79
129,0.9773614406585693,0.09914416727428131,0.012114365895589193,0.002059185923122283,681.2920690579622,,False,0.9,"{'lr__C': 681.2920690579622, 'lr__class_weight': None, 'pca__apply_PCA': False, 'pca__n_components': 0.9}",0.6653257641721779,0.669625805899275,0.6518933464605614,0.6622816388440048,0.007552485405331796,79
130,1.098124663035075,0.0832766113052583,0.009038607279459635,0.001430809153384605,681.2920690579622,,False,0.95,"{'lr__C': 681.2920690579622, 'lr__class_weight': None, 'pca__apply_PCA': False, 'pca__n_components': 0.95}",0.6653257641721779,0.669625805899275,0.6518933464605614,0.6622816388440048,0.007552485405331796,79
131,1.0430029233296711,0.1182552519054262,0.008919397989908854,0.0012756460408663588,681.2920690579622,,False,,"{'lr__C': 681.2920690579622, 'lr__class_weight': None, 'pca__apply_PCA': False, 'pca__n_components': None}",0.6653257641721779,0.669625805899275,0.6518933464605614,0.6622816388440048,0.007552485405331796,79
132,1.468144416809082,0.05592307328615913,0.01853656768798828,0.0018433689599946857,681.2920690579622,balanced,True,0.5,"{'lr__C': 681.2920690579622, 'lr__class_weight': 'balanced', 'pca__apply_PCA': True, 'pca__n_components': 0.5}",0.665412083149247,0.6726862044442541,0.654262279292803,0.6641201889621013,0.00757680660259336,37
133,1.323285977045695,0.0860619607752604,0.01871967315673828,0.00125780120594794,681.2920690579622,balanced,True,0.7,"{'lr__C': 681.2920690579622, 'lr__class_weight': 'balanced', 'pca__apply_PCA': True, 'pca__n_components': 0.7}",0.665412083149247,0.6726862044442541,0.654262279292803,0.6641201889621013,0.00757680660259336,37
134,1.2042163213094075,0.04096949763049507,0.019135395685831707,0.00123179138801976,681.2920690579622,balanced,True,0.8,"{'lr__C': 681.2920690579622, 'lr__class_weight': 'balanced', 'pca__apply_PCA': True, 'pca__n_components': 0.8}",0.665412083149247,0.6726862044442541,0.654262279292803,0.6641201889621013,0.00757680660259336,37
135,1.1984169483184814,0.03652001517159732,0.018166224161783855,3.602269003871564e-05,681.2920690579622,balanced,True,0.9,"{'lr__C': 681.2920690579622, 'lr__class_weight': 'balanced', 'pca__apply_PCA': True, 'pca__n_components': 0.9}",0.665412083149247,0.6726862044442541,0.654262279292803,0.6641201889621013,0.00757680660259336,37
136,1.2881304423014324,0.06952393662008718,0.021098931630452473,0.0013399617707185,681.2920690579622,balanced,True,0.95,"{'lr__C': 681.2920690579622, 'lr__class_weight': 'balanced', 'pca__apply_PCA': True, 'pca__n_components': 0.95}",0.665412083149247,0.6726862044442541,0.654262279292803,0.6641201889621013,0.00757680660259336,37
137,1.3495609760284424,0.018824758129518126,0.018419583638509113,0.0013106882266768003,681.2920690579622,balanced,True,,"{'lr__C': 681.2920690579622, 'lr__class_weight': 'balanced', 'pca__apply_PCA': True, 'pca__n_components': None}",0.665412083149247,0.6726862044442541,0.654262279292803,0.6641201889621013,0.00757680660259336,37
138,1.0723426342010498,0.08510316385361097,0.008911530176798502,0.0006819407486013118,681.2920690579622,balanced,False,0.5,"{'lr__C': 681.2920690579622, 'lr__class_weight': 'balanced', 'pca__apply_PCA': False, 'pca__n_components': 0.5}",0.6654383435704398,0.672663585270394,0.6542904924558974,0.6641308070989105,0.007557551349955067,31
139,1.0982033411661785,0.06199715094551272,0.009490251541137695,0.0006988614276462319,681.2920690579622,balanced,False,0.7,"{'lr__C': 681.2920690579622, 'lr__class_weight': 'balanced', 'pca__apply_PCA': False, 'pca__n_components': 0.7}",0.6654383435704398,0.672663585270394,0.6542904924558974,0.6641308070989105,0.007557551349955067,31
140,1.0560188293457031,0.08102629636707913,0.009575843811035156,0.0003171123653744484,681.2920690579622,balanced,False,0.8,"{'lr__C': 681.2920690579622, 'lr__class_weight': 'balanced', 'pca__apply_PCA': False, 'pca__n_components': 0.8}",0.6654383435704398,0.672663585270394,0.6542904924558974,0.6641308070989105,0.007557551349955067,31
141,1.042585293451945,0.05888923299640483,0.00947896639506022,0.0003816174347004262,681.2920690579622,balanced,False,0.9,"{'lr__C': 681.2920690579622, 'lr__class_weight': 'balanced', 'pca__apply_PCA': False, 'pca__n_components': 0.9}",0.6654383435704398,0.672663585270394,0.6542904924558974,0.6641308070989105,0.007557551349955067,31
142,1.0371469656626384,0.05866550167152431,0.0095979372660319,0.00029184832020781023,681.2920690579622,balanced,False,0.95,"{'lr__C': 681.2920690579622, 'lr__class_weight': 'balanced', 'pca__apply_PCA': False, 'pca__n_components': 0.95}",0.6654383435704398,0.672663585270394,0.6542904924558974,0.6641308070989105,0.007557551349955067,31
143,1.0680461724599202,0.0763332706563962,0.008507410685221354,0.0015832772755011242,681.2920690579622,balanced,False,,"{'lr__C': 681.2920690579622, 'lr__class_weight': 'balanced', 'pca__apply_PCA': False, 'pca__n_components': None}",0.6654383435704398,0.672663585270394,0.6542904924558974,0.6641308070989105,0.007557551349955067,31
144,1.2738505999247234,0.08750261147729366,0.01778268814086914,0.0003943090123202518,10000.0,,True,0.5,"{'lr__C': 10000.0, 'lr__class_weight': None, 'pca__apply_PCA': True, 'pca__n_components': 0.5}",0.6653301409090433,0.6695642720176984,0.6518933464605614,0.6622625864624344,0.007533163134817144,91
145,1.2755163510640461,0.10344241895173925,0.019596656163533527,0.001257049492178849,10000.0,,True,0.7,"{'lr__C': 10000.0, 'lr__class_weight': None, 'pca__apply_PCA': True, 'pca__n_components': 0.7}",0.6653301409090433,0.6695642720176984,0.6518933464605614,0.6622625864624344,0.007533163134817144,91
146,1.2178167502085369,0.0582061060591223,0.020161946614583332,0.0015301680673005151,10000.0,,True,0.8,"{'lr__C': 10000.0, 'lr__class_weight': None, 'pca__apply_PCA': True, 'pca__n_components': 0.8}",0.6653301409090433,0.6695642720176984,0.6518933464605614,0.6622625864624344,0.007533163134817144,91
147,1.2215555508931477,0.0697004108942171,0.018555164337158203,0.001422401899354513,10000.0,,True,0.9,"{'lr__C': 10000.0, 'lr__class_weight': None, 'pca__apply_PCA': True, 'pca__n_components': 0.9}",0.6653301409090433,0.6695642720176984,0.6518933464605614,0.6622625864624344,0.007533163134817144,91
148,1.2049670219421387,0.06424858514288913,0.017801920572916668,0.0018087157549716785,10000.0,,True,0.95,"{'lr__C': 10000.0, 'lr__class_weight': None, 'pca__apply_PCA': True, 'pca__n_components': 0.95}",0.6653301409090433,0.6695642720176984,0.6518933464605614,0.6622625864624344,0.007533163134817144,91
149,1.231050968170166,0.06032156073348642,0.02754672368367513,0.008413803480203725,10000.0,,True,,"{'lr__C': 10000.0, 'lr__class_weight': None, 'pca__apply_PCA': True, 'pca__n_components': None}",0.6653301409090433,0.6695642720176984,0.6518933464605614,0.6622625864624344,0.007533163134817144,91
150,1.1153757572174072,0.16282455412944186,0.011738856633504232,0.0025536626607518547,10000.0,,False,0.5,"{'lr__C': 10000.0, 'lr__class_weight': None, 'pca__apply_PCA': False, 'pca__n_components': 0.5}",0.6653401101430148,0.6695552729915389,0.6518631875620811,0.6622528568988783,0.007545454311742158,97
151,1.2629746596018474,0.19461583266199708,0.009603579839070639,0.0007443472417280571,10000.0,,False,0.7,"{'lr__C': 10000.0, 'lr__class_weight': None, 'pca__apply_PCA': False, 'pca__n_components': 0.7}",0.6653401101430148,0.6695552729915389,0.6518631875620811,0.6622528568988783,0.007545454311742158,97
152,1.9136414527893066,0.24101077630482198,0.021198511123657227,0.012621191371046801,10000.0,,False,0.8,"{'lr__C': 10000.0, 'lr__class_weight': None, 'pca__apply_PCA': False, 'pca__n_components': 0.8}",0.6653401101430148,0.6695552729915389,0.6518631875620811,0.6622528568988783,0.007545454311742158,97
153,1.686055024464925,0.27566452079708126,0.09559567769368489,0.11993968547590882,10000.0,,False,0.9,"{'lr__C': 10000.0, 'lr__class_weight': None, 'pca__apply_PCA': False, 'pca__n_components': 0.9}",0.6653401101430148,0.6695552729915389,0.6518631875620811,0.6622528568988783,0.007545454311742158,97
154,1.7424471378326416,0.10659227622083758,0.02122211456298828,0.01635996559293623,10000.0,,False,0.95,"{'lr__C': 10000.0, 'lr__class_weight': None, 'pca__apply_PCA': False, 'pca__n_components': 0.95}",0.6653401101430148,0.6695552729915389,0.6518631875620811,0.6622528568988783,0.007545454311742158,97
155,1.9676499366760254,0.26127566346825337,0.011197328567504883,0.001872279540764858,10000.0,,False,,"{'lr__C': 10000.0, 'lr__class_weight': None, 'pca__apply_PCA': False, 'pca__n_components': None}",0.6653401101430148,0.6695552729915389,0.6518631875620811,0.6622528568988783,0.007545454311742158,97
156,1.9222137133280437,0.4365630207795576,0.023129622141520183,0.0023511527532673834,10000.0,balanced,True,0.5,"{'lr__C': 10000.0, 'lr__class_weight': 'balanced', 'pca__apply_PCA': True, 'pca__n_components': 0.5}",0.6654419908511611,0.6726864476611774,0.6542975457466711,0.6641419947530032,0.007563307071942905,19
157,1.5489882628122966,0.2348478475354732,0.024549325307210285,0.0034442076357196986,10000.0,balanced,True,0.7,"{'lr__C': 10000.0, 'lr__class_weight': 'balanced', 'pca__apply_PCA': True, 'pca__n_components': 0.7}",0.6654419908511611,0.6726864476611774,0.6542975457466711,0.6641419947530032,0.007563307071942905,19
158,1.5125046571095784,0.23047603242153106,0.02271095911661784,0.0043846594408020155,10000.0,balanced,True,0.8,"{'lr__C': 10000.0, 'lr__class_weight': 'balanced', 'pca__apply_PCA': True, 'pca__n_components': 0.8}",0.6654419908511611,0.6726864476611774,0.6542975457466711,0.6641419947530032,0.007563307071942905,19
159,1.4763892491658528,0.2007649514110075,0.024710655212402344,0.0053485064437769425,10000.0,balanced,True,0.9,"{'lr__C': 10000.0, 'lr__class_weight': 'balanced', 'pca__apply_PCA': True, 'pca__n_components': 0.9}",0.6654419908511611,0.6726864476611774,0.6542975457466711,0.6641419947530032,0.007563307071942905,19
160,1.4864548842112224,0.22345797714929932,0.025213241577148438,0.004575392604318419,10000.0,balanced,True,0.95,"{'lr__C': 10000.0, 'lr__class_weight': 'balanced', 'pca__apply_PCA': True, 'pca__n_components': 0.95}",0.6654419908511611,0.6726864476611774,0.6542975457466711,0.6641419947530032,0.007563307071942905,19
161,1.4689597288767497,0.20192839882991506,0.02775295575459798,0.005369077899113963,10000.0,balanced,True,,"{'lr__C': 10000.0, 'lr__class_weight': 'balanced', 'pca__apply_PCA': True, 'pca__n_components': None}",0.6654419908511611,0.6726864476611774,0.6542975457466711,0.6641419947530032,0.007563307071942905,19
162,1.4013920625050862,0.06225803860195815,0.009553909301757812,0.0004741224658544058,10000.0,balanced,False,0.5,"{'lr__C': 10000.0, 'lr__class_weight': 'balanced', 'pca__apply_PCA': False, 'pca__n_components': 0.5}",0.6654485559564592,0.6726536133765416,0.6542579013881848,0.6641200235737286,0.007568544712982201,43
163,1.3011860847473145,0.10861409248496663,0.01256418228149414,0.003856310022314936,10000.0,balanced,False,0.7,"{'lr__C': 10000.0, 'lr__class_weight': 'balanced', 'pca__apply_PCA': False, 'pca__n_components': 0.7}",0.6654485559564592,0.6726536133765416,0.6542579013881848,0.6641200235737286,0.007568544712982201,43
164,1.2776110967000325,0.09060351669291032,0.009689251581827799,0.00034766635786786387,10000.0,balanced,False,0.8,"{'lr__C': 10000.0, 'lr__class_weight': 'balanced', 'pca__apply_PCA': False, 'pca__n_components': 0.8}",0.6654485559564592,0.6726536133765416,0.6542579013881848,0.6641200235737286,0.007568544712982201,43
165,1.1695387363433838,0.08049964361722166,0.008162339528401693,0.001485240746861012,10000.0,balanced,False,0.9,"{'lr__C': 10000.0, 'lr__class_weight': 'balanced', 'pca__apply_PCA': False, 'pca__n_components': 0.9}",0.6654485559564592,0.6726536133765416,0.6542579013881848,0.6641200235737286,0.007568544712982201,43
166,1.1664106051127117,0.0579794267127352,0.009136358896891275,0.00012128271854357434,10000.0,balanced,False,0.95,"{'lr__C': 10000.0, 'lr__class_weight': 'balanced', 'pca__apply_PCA': False, 'pca__n_components': 0.95}",0.6654485559564592,0.6726536133765416,0.6542579013881848,0.6641200235737286,0.007568544712982201,43
167,1.0081571737925212,0.15284128412240874,0.007307211558024089,0.0010968247025505912,10000.0,balanced,False,,"{'lr__C': 10000.0, 'lr__class_weight': 'balanced', 'pca__apply_PCA': False, 'pca__n_components': None}",0.6654485559564592,0.6726536133765416,0.6542579013881848,0.6641200235737286,0.007568544712982201,43
